{"cameraMode":{"drawMode":0,"name":"Shaded","section":"Shading Mode"},"sceneLighting":false,"audioPlay":false,"sceneViewState":{"m_AlwaysRefresh":false,"showFog":false,"showSkybox":false,"showFlares":false,"showImageEffects":false,"showParticleSystems":false,"showVisualEffectGraphs":true,"m_FxEnabled":true},"in2DMode":false,"pivot":{"x":-0.5445171594619751,"y":0.9237065315246582,"z":0.13260269165039063},"rotation":{"x":-0.4688282012939453,"y":0.17071771621704102,"z":-0.09288932383060456,"w":-0.8616433143615723},"size":1.3841657638549805,"orthographic":false}