{"cameraMode":{"drawMode":0,"name":"Shaded","section":"Shading Mode"},"sceneLighting":false,"audioPlay":false,"sceneViewState":{"m_AlwaysRefresh":false,"showFog":false,"showSkybox":false,"showFlares":false,"showImageEffects":false,"showParticleSystems":false,"showVisualEffectGraphs":true,"m_FxEnabled":true},"in2DMode":false,"pivot":{"x":-0.00005626678466796875,"y":7.946520805358887,"z":-0.17054080963134767},"rotation":{"x":-0.4818893373012543,"y":-0.0007911555003374815,"z":0.0004348363436292857,"w":-0.8762326240539551},"size":11.947392463684082,"orthographic":false}