{"cameraMode":{"drawMode":0,"name":"Shaded","section":"Shading Mode"},"sceneLighting":false,"audioPlay":false,"sceneViewState":{"m_AlwaysRefresh":false,"showFog":false,"showSkybox":false,"showFlares":false,"showImageEffects":false,"showParticleSystems":false,"showVisualEffectGraphs":true,"m_FxEnabled":true},"in2DMode":false,"pivot":{"x":-0.0066547393798828129,"y":7.727158546447754,"z":0.8922029733657837},"rotation":{"x":-0.4133286774158478,"y":-0.5737262964248657,"z":0.41333240270614626,"w":-0.5737209916114807},"size":10.520400047302246,"orthographic":false}